id_envio,empresa_origem,cnpj_origem,cidade_origem,uf_origem,cliente_destino,cnpj_cliente,cidade_destino,uf_destino,modal,transportadora,tipo_veiculo,tipo_carga,temperatura_controlada,seguro_contratado,distancia_km,peso_kg,volume_m3,valor_nf_brl,custo_frete_brl,data_pedido,data_coleta,data_saida,data_prevista_entrega,data_entrega,prazo_dias,atraso_dias,sla_cumprido,status_entrega,ocorrencia
ENV0001,TransLog S.A.,12.345.678/0001-90,Guarulhos,SP,Papelaria & Embalagens Aurora S.A.,33.445.566/0001-70,Rio de Janeiro,RJ,Cabotagem,CargaCerta,VUC,Eletronicos,Nao,Sim,380,5258.38,43.75,44983.18,730.19,2026-01-24,2026-01-24,2026-01-24,2026-02-07,2026-02-10,14,3,Nao,Entregue,Atraso por chuva
ENV0002,TransLog S.A.,12.345.678/0001-90,Guarulhos,SP,Metalurgica Serra Azul S.A.,56.789.012/0001-03,Fortaleza,CE,Ferroviario,CargaCerta,Truck,Papel e embalagens,Nao,Nao,1739,4178.99,12.64,18044.74,3675.56,2026-02-07,2026-02-08,2026-02-08,2026-02-12,2026-02-11,4,0,Sim,Entregue,Cliente ausente
ENV0003,TransLog S.A.,12.345.678/0001-90,Guarulhos,SP,Supermercados Vila Norte S.A.,23.456.789/0001-55,Florianopolis,SC,Cabotagem,SerraMar Transportes,Carreta,Quimicos,Nao,Sim,1118,15980.98,20.89,92280.47,3117.87,2026-02-01,2026-02-02,2026-02-02,2026-02-11,2026-02-15,9,4,Nao,Entregue,Avaria leve
ENV0004,TransLog S.A.,12.345.678/0001-90,Guarulhos,SP,AutoPecas Horizonte Ltda,01.234.567/0001-10,Vitoria,ES,Ferroviario,SerraMar Transportes,VUC,Alimentos secos,Nao,Sim,526,8316.15,35.19,99767.8,1098.6,2026-03-04,2026-03-04,2026-03-05,2026-03-09,2026-03-10,4,1,Nao,Entregue,Endereco incorreto
ENV0005,TransLog S.A.,12.345.678/0001-90,Guarulhos,SP,Metalurgica Serra Azul S.A.,56.789.012/0001-03,Brasilia,DF,Aereo,AeroFast,Bitrem,Quimicos,Nao,Sim,807,15797.05,36.24,219186.94,6200.72,2026-02-16,2026-02-16,2026-02-16,2026-02-18,2026-02-17,2,0,Sim,Entregue,Reentrega agendada
ENV0006,TransLog S.A.,12.345.678/0001-90,Guarulhos,SP,AutoPecas Horizonte Ltda,01.234.567/0001-10,Florianopolis,SC,Aereo,RodoSul,Carreta,Alimentos secos,Nao,Sim,893,9166.47,44.29,80143.0,5141.59,2026-02-14,2026-02-14,2026-02-14,2026-02-15,2026-02-18,1,3,Nao,Entregue,Avaria leve
ENV0007,TransLog S.A.,12.345.678/0001-90,Guarulhos,SP,TechParts Componentes Ltda,67.890.123/0001-84,Vitoria,ES,Cabotagem,ViaNorte Log,VUC,Materiais de construcao,Nao,Sim,262,16323.52,35.99,161731.91,700.14,2026-03-10,2026-03-11,2026-03-11,2026-03-23,2026-03-25,12,2,Nao,Entregue,Reentrega agendada
ENV0008,TransLog S.A.,12.345.678/0001-90,Guarulhos,SP,Agropecuaria Boa Safra S.A.,77.889.900/0001-94,Belo Horizonte,MG,Aereo,AeroFast,Toco,Refrigerados,Sim,Sim,368,14255.5,11.58,132487.7,2053.86,2026-02-21,2026-02-22,2026-02-23,2026-02-25,2026-02-27,2,2,Nao,Entregue,Reentrega agendada
ENV0009,TransLog S.A.,12.345.678/0001-90,Guarulhos,SP,Farmacias BemViver Ltda,45.678.901/0001-22,Goiania,GO,Ferroviario,NavegaCargo,Bitrem,Alimentos secos,Nao,Sim,1061,17880.01,22.96,124242.86,5027.99,2026-03-03,2026-03-05,2026-03-06,2026-03-13,2026-03-12,7,0,Sim,Entregue,Atraso por chuva
ENV0010,TransLog S.A.,12.345.678/0001-90,Guarulhos,SP,Construtora Pedra Forte S.A.,78.901.234/0001-65,Goiania,GO,Rodoviario,Expresso Bandeirantes,Carreta,Moveis,Nao,Nao,1264,14281.93,8.29,40670.83,4498.11,2026-02-19,2026-02-20,2026-02-21,2026-02-27,2026-03-01,6,2,Nao,Entregue,Fiscalizacao
ENV0011,TransLog S.A.,12.345.678/0001-90,Guarulhos,SP,Quimica Atlas S.A.,90.123.456/0001-27,Belem,PA,Rodoviario,RodoSul,Truck,Medicamentos,Sim,Sim,3215,273.18,40.76,87291.02,8159.14,2026-03-08,2026-03-08,2026-03-08,2026-03-17,2026-03-21,9,4,Nao,Entregue,Falta de doc.
ENV0012,TransLog S.A.,12.345.678/0001-90,Guarulhos,SP,TechParts Componentes Ltda,67.890.123/0001-84,Belem,PA,Cabotagem,NavegaCargo,Bitrem,Alimentos secos,Nao,Nao,3492,3732.05,13.54,35973.52,5161.67,2026-02-22,2026-02-24,2026-02-24,2026-03-10,2026-03-10,14,0,Sim,Entregue,Cliente ausente
ENV0013,TransLog S.A.,12.345.678/0001-90,Guarulhos,SP,Hospital Sao Lucas S.A.,55.667.788/0001-32,Vitoria,ES,Cabotagem,CargaCerta,Toco,Refrigerados,Sim,Nao,519,3997.66,37.14,2953.46,711.36,2026-01-10,2026-01-12,2026-01-12,2026-01-24,2026-01-26,12,2,Nao,Entregue,Cliente ausente
ENV0014,TransLog S.A.,12.345.678/0001-90,Guarulhos,SP,Hospital Sao Lucas S.A.,55.667.788/0001-32,Porto Alegre,RS,Ferroviario,Expresso Bandeirantes,Carreta,Materiais de construcao,Nao,Sim,746,10587.9,11.84,231623.95,1825.66,2026-03-03,2026-03-05,2026-03-06,2026-03-14,2026-03-16,8,2,Nao,Entregue,Atraso por chuva
ENV0015,TransLog S.A.,12.345.678/0001-90,Guarulhos,SP,Hospital Sao Lucas S.A.,55.667.788/0001-32,Manaus,AM,Ferroviario,RodoSul,Carreta,Medicamentos,Sim,Sim,2707,16502.7,5.28,134590.5,13039.3,2026-02-17,2026-02-19,2026-02-20,2026-03-01,2026-03-02,9,1,Nao,Entregue,Sinistro
ENV0016,TransLog S.A.,12.345.678/0001-90,Guarulhos,SP,Farmacias BemViver Ltda,45.678.901/0001-22,Brasilia,DF,Aereo,CargaCerta,VUC,Medicamentos,Sim,Sim,1693,15203.65,14.96,206816.83,13984.94,2026-01-13,2026-01-13,2026-01-13,2026-01-16,2026-01-18,3,2,Nao,Entregue,Retido em barreira
ENV0017,TransLog S.A.,12.345.678/0001-90,Guarulhos,SP,Alimentos Campo Verde Ltda,44.556.677/0001-51,Cuiaba,MT,Ferroviario,CargaCerta,VUC,Refrigerados,Sim,Nao,1446,16754.9,41.41,70272.14,7396.0,2026-01-23,2026-01-25,2026-01-25,2026-02-01,2026-02-05,7,4,Nao,Entregue,Falta de doc.
ENV0018,TransLog S.A.,12.345.678/0001-90,Guarulhos,SP,Metalurgica Serra Azul S.A.,56.789.012/0001-03,Porto Alegre,RS,Rodoviario,SerraMar Transportes,Bitrem,Refrigerados,Sim,Sim,733,9687.47,35.13,197458.09,2271.23,2026-01-25,2026-01-27,2026-01-27,2026-01-29,2026-02-01,2,3,Nao,Entregue,Atraso operacional
ENV0019,TransLog S.A.,12.345.678/0001-90,Guarulhos,SP,Supermercados Vila Norte S.A.,23.456.789/0001-55,Recife,PE,Aereo,SerraMar Transportes,Carreta,Autopecas,Nao,Sim,2570,12914.44,25.51,91859.8,17566.38,2026-02-25,2026-02-26,2026-02-26,2026-02-27,2026-03-01,1,2,Nao,Entregue,Sinistro
ENV0020,TransLog S.A.,12.345.678/0001-90,Guarulhos,SP,Cosmeticos Brisa Ltda,66.778.899/0001-13,Campinas,SP,Aereo,Expresso Bandeirantes,Toco,Materiais de construcao,Nao,Nao,376,17232.43,27.84,23856.39,3967.19,2026-03-07,2026-03-07,2026-03-08,2026-03-09,2026-03-11,1,2,Nao,Entregue,Avaria leve
ENV0021,TransLog S.A.,12.345.678/0001-90,Guarulhos,SP,Cosmeticos Brisa Ltda,66.778.899/0001-13,Goiania,GO,Rodoviario,CargaCerta,VUC,Tecido e vestuario,Nao,Nao,1394,1631.49,33.5,42613.62,2357.59,2026-01-23,2026-01-25,2026-01-26,2026-02-01,2026-02-02,6,1,Nao,Entregue,Retido em barreira
ENV0022,TransLog S.A.,12.345.678/0001-90,Guarulhos,SP,Distribuidora PontoCerto Ltda,22.334.455/0001-99,Fortaleza,CE,Cabotagem,AeroFast,VUC,Medicamentos,Sim,Sim,2472,13438.64,34.78,91519.06,6654.72,2026-02-01,2026-02-02,2026-02-02,2026-02-16,2026-02-16,14,0,Sim,Entregue,Fiscalizacao
ENV0023,TransLog S.A.,12.345.678/0001-90,Guarulhos,SP,Distribuidora PontoCerto Ltda,22.334.455/0001-99,Porto Alegre,RS,Rodoviario,SerraMar Transportes,Bitrem,Alimentos secos,Nao,Sim,422,6419.56,30.07,157507.56,1197.04,2026-01-21,2026-01-21,2026-01-22,2026-01-25,2026-01-28,3,3,Nao,Entregue,Endereco incorreto
ENV0024,TransLog S.A.,12.345.678/0001-90,Guarulhos,SP,TechParts Componentes Ltda,67.890.123/0001-84,Sao Jose dos Campos,SP,Cabotagem,CargaCerta,VUC,Moveis,Nao,Nao,180,6018.07,29.69,55551.8,290.79,2026-02-22,2026-02-23,2026-02-24,2026-03-07,2026-03-06,11,0,Sim,Entregue,Endereco incorreto
ENV0025,TransLog S.A.,12.345.678/0001-90,Guarulhos,SP,Supermercados Vila Norte S.A.,23.456.789/0001-55,Belem,PA,Ferroviario,AeroFast,Truck,Quimicos,Nao,Sim,2270,2547.71,22.43,124656.66,3465.58,2026-02-27,2026-03-01,2026-03-01,2026-03-09,2026-03-08,8,0,Sim,Entregue,Fiscalizacao
ENV0026,TransLog S.A.,12.345.678/0001-90,Guarulhos,SP,TechParts Componentes Ltda,67.890.123/0001-84,Belo Horizonte,MG,Cabotagem,NavegaCargo,Toco,Autopecas,Nao,Nao,364,15630.9,27.59,71009.99,1122.85,2026-01-08,2026-01-09,2026-01-09,2026-01-18,2026-01-21,9,3,Nao,Entregue,Cliente ausente
ENV0027,TransLog S.A.,12.345.678/0001-90,Guarulhos,SP,Metalurgica Serra Azul S.A.,56.789.012/0001-03,Florianopolis,SC,Ferroviario,AeroFast,Toco,Refrigerados,Sim,Sim,445,12265.87,22.66,201860.93,1740.69,2026-03-04,2026-03-04,2026-03-05,2026-03-11,2026-03-10,6,0,Sim,Entregue,Endereco incorreto
ENV0028,TransLog S.A.,12.345.678/0001-90,Guarulhos,SP,Farmacias BemViver Ltda,45.678.901/0001-22,Rio de Janeiro,RJ,Ferroviario,Expresso Bandeirantes,Carreta,Tecido e vestuario,Nao,Sim,544,13890.59,3.71,213011.92,1835.07,2026-02-02,2026-02-03,2026-02-04,2026-02-11,2026-02-11,7,0,Sim,Entregue,-
ENV0029,TransLog S.A.,12.345.678/0001-90,Guarulhos,SP,Hospital Sao Lucas S.A.,55.667.788/0001-32,Goiania,GO,Rodoviario,AeroFast,VUC,Refrigerados,Sim,Sim,1564,12482.35,43.69,152250.15,6750.4,2026-01-30,2026-01-31,2026-01-31,2026-02-06,2026-02-07,6,1,Nao,Entregue,Reentrega agendada
ENV0030,TransLog S.A.,12.345.678/0001-90,Guarulhos,SP,Cosmeticos Brisa Ltda,66.778.899/0001-13,Campinas,SP,Aereo,AeroFast,Truck,Eletronicos,Nao,Sim,153,4757.26,10.78,19522.0,716.28,2026-01-24,2026-01-24,2026-01-25,2026-01-28,2026-01-27,3,0,Sim,Entregue,Reentrega agendada
ENV0031,TransLog S.A.,12.345.678/0001-90,Guarulhos,SP,Farmacias BemViver Ltda,45.678.901/0001-22,Florianopolis,SC,Cabotagem,SerraMar Transportes,VUC,Papel e embalagens,Nao,Sim,361,3798.14,17.18,117085.46,499.64,2026-02-04,2026-02-05,2026-02-06,2026-02-12,2026-02-14,6,2,Nao,Entregue,Atraso operacional
ENV0032,TransLog S.A.,12.345.678/0001-90,Guarulhos,SP,TechParts Componentes Ltda,67.890.123/0001-84,Manaus,AM,Ferroviario,NavegaCargo,VUC,Quimicos,Nao,Sim,2204,14253.38,17.88,164551.21,9135.79,2026-02-18,2026-02-20,2026-02-21,2026-02-26,2026-03-02,5,4,Nao,Entregue,Retido em barreira
ENV0033,TransLog S.A.,12.345.678/0001-90,Guarulhos,SP,Metalurgica Serra Azul S.A.,56.789.012/0001-03,Rio de Janeiro,RJ,Ferroviario,ViaNorte Log,Bitrem,Moveis,Nao,Sim,439,11980.03,35.44,195267.01,847.49,2026-01-28,2026-01-28,2026-01-28,2026-02-02,2026-02-05,5,3,Nao,Entregue,Retido em barreira
ENV0034,TransLog S.A.,12.345.678/0001-90,Guarulhos,SP,Agropecuaria Boa Safra S.A.,77.889.900/0001-94,Vitoria,ES,Cabotagem,NavegaCargo,Carreta,Materiais de construcao,Nao,Sim,142,6479.19,23.42,172219.86,323.77,2026-02-10,2026-02-10,2026-02-11,2026-02-24,2026-02-27,13,3,Nao,Entregue,Avaria leve
ENV0035,TransLog S.A.,12.345.678/0001-90,Guarulhos,SP,Distribuidora PontoCerto Ltda,22.334.455/0001-99,Fortaleza,CE,Aereo,NavegaCargo,VUC,Refrigerados,Sim,Nao,2385,4089.24,19.18,51203.05,11184.96,2026-01-31,2026-02-01,2026-02-01,2026-02-02,2026-02-04,1,2,Nao,Entregue,Endereco incorreto
ENV0036,TransLog S.A.,12.345.678/0001-90,Guarulhos,SP,Farmacias BemViver Ltda,45.678.901/0001-22,Vitoria,ES,Aereo,CargaCerta,Toco,Eletronicos,Nao,Sim,149,16964.75,4.57,138436.15,906.08,2026-03-09,2026-03-10,2026-03-10,2026-03-12,2026-03-15,2,3,Nao,Entregue,Reentrega agendada
ENV0037,TransLog S.A.,12.345.678/0001-90,Guarulhos,SP,Papelaria & Embalagens Aurora S.A.,33.445.566/0001-70,Campinas,SP,Rodoviario,Expresso Bandeirantes,Truck,Medicamentos,Sim,Sim,346,16387.93,42.93,35965.7,1829.53,2026-02-15,2026-02-16,2026-02-16,2026-02-18,2026-02-17,2,0,Sim,Entregue,Sinistro
ENV0038,TransLog S.A.,12.345.678/0001-90,Guarulhos,SP,Quimica Atlas S.A.,90.123.456/0001-27,Belo Horizonte,MG,Cabotagem,Expresso Bandeirantes,VUC,Tecido e vestuario,Nao,Sim,166,2808.98,11.33,231256.61,230.06,2026-01-12,2026-01-14,2026-01-15,2026-01-23,2026-01-26,8,3,Nao,Entregue,Sinistro
ENV0039,TransLog S.A.,12.345.678/0001-90,Guarulhos,SP,Supermercados Vila Norte S.A.,23.456.789/0001-55,Belem,PA,Ferroviario,AeroFast,VUC,Quimicos,Nao,Sim,2372,17694.9,13.67,150685.15,7946.56,2026-02-08,2026-02-10,2026-02-11,2026-02-15,2026-02-16,4,1,Nao,Entregue,Falta de doc.
ENV0040,TransLog S.A.,12.345.678/0001-90,Guarulhos,SP,Quimica Atlas S.A.,90.123.456/0001-27,Porto Alegre,RS,Rodoviario,NavegaCargo,Truck,Eletronicos,Nao,Sim,740,9780.94,35.49,22989.81,3836.9,2026-02-07,2026-02-08,2026-02-09,2026-02-11,2026-02-14,2,3,Nao,Entregue,Falta de doc.
ENV0041,TransLog S.A.,12.345.678/0001-90,Guarulhos,SP,AutoPecas Horizonte Ltda,01.234.567/0001-10,Cuiaba,MT,Ferroviario,SerraMar Transportes,Carreta,Alimentos secos,Nao,Sim,1337,9949.2,27.75,120838.84,4668.34,2026-01-30,2026-01-30,2026-01-31,2026-02-05,2026-02-05,5,0,Sim,Entregue,-
ENV0042,TransLog S.A.,12.345.678/0001-90,Guarulhos,SP,Moda & Cia Confecções Ltda,88.990.011/0001-75,Belo Horizonte,MG,Cabotagem,RodoSul,VUC,Refrigerados,Sim,Sim,477,738.73,20.94,227680.12,715.03,2026-01-09,2026-01-10,2026-01-11,2026-01-24,2026-01-24,13,0,Sim,Entregue,-
ENV0043,TransLog S.A.,12.345.678/0001-90,Guarulhos,SP,Quimica Atlas S.A.,90.123.456/0001-27,Recife,PE,Aereo,ViaNorte Log,Toco,Autopecas,Nao,Sim,2044,17627.54,6.54,175611.65,17712.41,2026-01-12,2026-01-12,2026-01-12,2026-01-13,2026-01-17,1,4,Nao,Entregue,Atraso por chuva
ENV0044,TransLog S.A.,12.345.678/0001-90,Guarulhos,SP,Alimentos Campo Verde Ltda,44.556.677/0001-51,Belem,PA,Aereo,RodoSul,VUC,Moveis,Nao,Nao,3231,13101.55,22.06,68402.14,17668.48,2026-02-08,2026-02-09,2026-02-09,2026-02-11,2026-02-15,2,4,Nao,Entregue,Fiscalizacao
ENV0045,TransLog S.A.,12.345.678/0001-90,Guarulhos,SP,EletroMoveis Central Ltda,11.223.344/0001-08,Porto Alegre,RS,Cabotagem,CargaCerta,Toco,Alimentos secos,Nao,Nao,458,17925.39,41.31,56430.71,1698.44,2026-02-10,2026-02-12,2026-02-13,2026-02-19,2026-02-23,6,4,Nao,Entregue,Falta de doc.
ENV0046,TransLog S.A.,12.345.678/0001-90,Guarulhos,SP,Papelaria & Embalagens Aurora S.A.,33.445.566/0001-70,Florianopolis,SC,Rodoviario,ViaNorte Log,Truck,Medicamentos,Sim,Sim,1052,3493.08,20.38,137460.32,3121.13,2026-02-16,2026-02-17,2026-02-18,2026-02-23,2026-02-24,5,1,Nao,Entregue,Sinistro
ENV0047,TransLog S.A.,12.345.678/0001-90,Guarulhos,SP,Quimica Atlas S.A.,90.123.456/0001-27,Curitiba,PR,Cabotagem,Expresso Bandeirantes,Bitrem,Eletronicos,Nao,Sim,938,9310.48,7.64,167835.26,2342.57,2026-02-04,2026-02-05,2026-02-06,2026-02-12,2026-02-12,6,0,Sim,Entregue,Retido em barreira
ENV0048,TransLog S.A.,12.345.678/0001-90,Guarulhos,SP,Moda & Cia Confecções Ltda,88.990.011/0001-75,Campinas,SP,Cabotagem,RodoSul,Bitrem,Alimentos secos,Nao,Sim,463,10482.96,15.69,109701.6,1074.75,2026-02-02,2026-02-02,2026-02-03,2026-02-13,2026-02-15,10,2,Nao,Entregue,Cliente ausente
ENV0049,TransLog S.A.,12.345.678/0001-90,Guarulhos,SP,Quimica Atlas S.A.,90.123.456/0001-27,Florianopolis,SC,Aereo,ViaNorte Log,Toco,Eletronicos,Nao,Sim,830,2869.71,32.48,3720.01,3675.19,2026-02-28,2026-03-01,2026-03-02,2026-03-04,2026-03-05,2,1,Nao,Entregue,Sinistro
ENV0050,TransLog S.A.,12.345.678/0001-90,Guarulhos,SP,Hospital Sao Lucas S.A.,55.667.788/0001-32,Florianopolis,SC,Rodoviario,RodoSul,VUC,Moveis,Nao,Nao,946,4680.07,3.82,26790.45,2471.68,2026-02-28,2026-02-28,2026-02-28,2026-03-04,2026-03-04,4,0,Sim,Entregue,Retido em barreira
ENV0051,TransLog S.A.,12.345.678/0001-90,Guarulhos,SP,Quimica Atlas S.A.,90.123.456/0001-27,Porto Alegre,RS,Rodoviario,Expresso Bandeirantes,VUC,Tecido e vestuario,Nao,Sim,738,11956.78,33.5,190228.1,2449.96,2026-02-14,2026-02-16,2026-02-16,2026-02-19,2026-02-21,3,2,Nao,Entregue,Sinistro
ENV0052,TransLog S.A.,12.345.678/0001-90,Guarulhos,SP,Papelaria & Embalagens Aurora S.A.,33.445.566/0001-70,Curitiba,PR,Cabotagem,SerraMar Transportes,Toco,Refrigerados,Sim,Sim,1137,8371.71,14.51,178147.5,1839.0,2026-03-07,2026-03-08,2026-03-09,2026-03-20,2026-03-23,11,3,Nao,Entregue,Sinistro
ENV0053,TransLog S.A.,12.345.678/0001-90,Guarulhos,SP,Construtora Pedra Forte S.A.,78.901.234/0001-65,Brasilia,DF,Ferroviario,SerraMar Transportes,Carreta,Quimicos,Nao,Sim,1612,16946.43,28.49,28884.72,5139.8,2026-03-07,2026-03-08,2026-03-08,2026-03-14,2026-03-13,6,0,Sim,Entregue,-
ENV0054,TransLog S.A.,12.345.678/0001-90,Guarulhos,SP,Construtora Pedra Forte S.A.,78.901.234/0001-65,Fortaleza,CE,Aereo,RodoSul,VUC,Medicamentos,Sim,Sim,2226,13441.34,32.03,29461.37,16329.23,2026-02-26,2026-02-28,2026-02-28,2026-03-02,2026-03-06,2,4,Nao,Entregue,Avaria leve
ENV0055,TransLog S.A.,12.345.678/0001-90,Guarulhos,SP,Distribuidora PontoCerto Ltda,22.334.455/0001-99,Manaus,AM,Cabotagem,NavegaCargo,Toco,Medicamentos,Sim,Sim,3041,14690.78,23.34,229817.71,6792.61,2026-02-15,2026-02-16,2026-02-17,2026-03-03,2026-03-02,14,0,Sim,Entregue,Atraso por chuva
ENV0056,TransLog S.A.,12.345.678/0001-90,Guarulhos,SP,Moda & Cia Confecções Ltda,88.990.011/0001-75,Vitoria,ES,Cabotagem,NavegaCargo,Bitrem,Tecido e vestuario,Nao,Sim,510,14403.3,6.17,158769.19,1896.22,2026-01-10,2026-01-11,2026-01-11,2026-01-18,2026-01-18,7,0,Sim,Entregue,Sinistro
ENV0057,TransLog S.A.,12.345.678/0001-90,Guarulhos,SP,Agropecuaria Boa Safra S.A.,77.889.900/0001-94,Goiania,GO,Rodoviario,SerraMar Transportes,Truck,Refrigerados,Sim,Nao,917,12109.73,5.24,39116.86,4112.1,2026-02-09,2026-02-11,2026-02-11,2026-02-17,2026-02-17,6,0,Sim,Entregue,Cliente ausente
ENV0058,TransLog S.A.,12.345.678/0001-90,Guarulhos,SP,Farmacias BemViver Ltda,45.678.901/0001-22,Cuiaba,MT,Rodoviario,RodoSul,Toco,Eletronicos,Nao,Sim,1274,17423.97,32.77,234727.91,4674.08,2026-02-20,2026-02-21,2026-02-22,2026-02-26,2026-03-02,4,4,Nao,Entregue,Sinistro
ENV0059,TransLog S.A.,12.345.678/0001-90,Guarulhos,SP,Farmacias BemViver Ltda,45.678.901/0001-22,Vitoria,ES,Cabotagem,SerraMar Transportes,Bitrem,Refrigerados,Sim,Nao,554,10890.08,11.57,69762.79,1717.81,2026-01-15,2026-01-15,2026-01-15,2026-01-28,2026-01-29,13,1,Nao,Entregue,Retido em barreira
ENV0060,TransLog S.A.,12.345.678/0001-90,Guarulhos,SP,Cosmeticos Brisa Ltda,66.778.899/0001-13,Recife,PE,Aereo,ViaNorte Log,VUC,Moveis,Nao,Sim,2163,5082.85,43.27,173375.28,12552.66,2026-02-09,2026-02-09,2026-02-10,2026-02-12,2026-02-12,2,0,Sim,Entregue,Reentrega agendada
ENV0061,TransLog S.A.,12.345.678/0001-90,Guarulhos,SP,EletroMoveis Central Ltda,11.223.344/0001-08,Goiania,GO,Aereo,Expresso Bandeirantes,Toco,Papel e embalagens,Nao,Sim,1515,5450.43,36.62,141721.61,5549.88,2026-02-21,2026-02-23,2026-02-24,2026-02-25,2026-02-25,1,0,Sim,Entregue,Atraso por chuva
ENV0062,TransLog S.A.,12.345.678/0001-90,Guarulhos,SP,Agropecuaria Boa Safra S.A.,77.889.900/0001-94,Brasilia,DF,Ferroviario,ViaNorte Log,Toco,Autopecas,Nao,Nao,979,2588.8,2.49,2591.49,1526.32,2026-01-30,2026-02-01,2026-02-01,2026-02-10,2026-02-09,9,0,Sim,Entregue,Sinistro
ENV0063,TransLog S.A.,12.345.678/0001-90,Guarulhos,SP,Quimica Atlas S.A.,90.123.456/0001-27,Cuiaba,MT,Aereo,SerraMar Transportes,Bitrem,Refrigerados,Sim,Nao,1578,17649.67,25.07,35990.88,13834.16,2026-03-02,2026-03-03,2026-03-04,2026-03-07,2026-03-08,3,1,Nao,Entregue,Cliente ausente
ENV0064,TransLog S.A.,12.345.678/0001-90,Guarulhos,SP,EletroMoveis Central Ltda,11.223.344/0001-08,Sao Jose dos Campos,SP,Rodoviario,Expresso Bandeirantes,Carreta,Eletronicos,Nao,Sim,345,14605.06,40.63,37642.61,2149.95,2026-01-12,2026-01-14,2026-01-15,2026-01-19,2026-01-20,4,1,Nao,Entregue,Reentrega agendada
ENV0065,TransLog S.A.,12.345.678/0001-90,Guarulhos,SP,AutoPecas Horizonte Ltda,01.234.567/0001-10,Vitoria,ES,Aereo,AeroFast,VUC,Quimicos,Nao,Sim,544,2589.42,12.25,150938.22,2114.17,2026-01-25,2026-01-27,2026-01-27,2026-01-28,2026-02-01,1,4,Nao,Entregue,Sinistro
ENV0066,TransLog S.A.,12.345.678/0001-90,Guarulhos,SP,Farmacias BemViver Ltda,45.678.901/0001-22,Vitoria,ES,Ferroviario,AeroFast,Carreta,Materiais de construcao,Nao,Sim,267,13208.25,39.16,194821.87,1058.98,2026-01-21,2026-01-21,2026-01-22,2026-01-27,2026-01-30,5,3,Nao,Entregue,Reentrega agendada
ENV0067,TransLog S.A.,12.345.678/0001-90,Guarulhos,SP,Quimica Atlas S.A.,90.123.456/0001-27,Recife,PE,Ferroviario,CargaCerta,Toco,Eletronicos,Nao,Sim,2503,15549.15,22.53,51644.21,8287.64,2026-02-28,2026-02-28,2026-03-01,2026-03-10,2026-03-14,9,4,Nao,Entregue,Cliente ausente
ENV0068,TransLog S.A.,12.345.678/0001-90,Guarulhos,SP,Supermercados Vila Norte S.A.,23.456.789/0001-55,Belo Horizonte,MG,Aereo,RodoSul,VUC,Eletronicos,Nao,Sim,419,705.78,40.19,21965.29,1328.48,2026-03-05,2026-03-07,2026-03-08,2026-03-10,2026-03-09,2,0,Sim,Entregue,Fiscalizacao
ENV0069,TransLog S.A.,12.345.678/0001-90,Guarulhos,SP,Quimica Atlas S.A.,90.123.456/0001-27,Recife,PE,Aereo,AeroFast,Carreta,Tecido e vestuario,Nao,Sim,1838,2354.07,40.19,217214.4,6460.84,2026-03-09,2026-03-09,2026-03-10,2026-03-13,2026-03-12,3,0,Sim,Entregue,-
ENV0070,TransLog S.A.,12.345.678/0001-90,Guarulhos,SP,Metalurgica Serra Azul S.A.,56.789.012/0001-03,Florianopolis,SC,Cabotagem,RodoSul,Bitrem,Autopecas,Nao,Sim,446,12718.41,42.93,130494.77,1633.03,2026-01-24,2026-01-24,2026-01-25,2026-02-06,2026-02-08,12,2,Nao,Entregue,Falta de doc.
ENV0071,TransLog S.A.,12.345.678/0001-90,Guarulhos,SP,Supermercados Vila Norte S.A.,23.456.789/0001-55,Vitoria,ES,Aereo,Expresso Bandeirantes,Truck,Tecido e vestuario,Nao,Sim,146,13110.46,2.45,158977.95,1044.82,2026-01-23,2026-01-23,2026-01-24,2026-01-27,2026-01-31,3,4,Nao,Entregue,Cliente ausente
ENV0072,TransLog S.A.,12.345.678/0001-90,Guarulhos,SP,Metalurgica Serra Azul S.A.,56.789.012/0001-03,Florianopolis,SC,Aereo,Expresso Bandeirantes,Toco,Alimentos secos,Nao,Sim,1195,14308.12,37.46,170748.61,5809.13,2026-01-27,2026-01-27,2026-01-27,2026-01-28,2026-01-28,1,0,Sim,Entregue,Falta de doc.
ENV0073,TransLog S.A.,12.345.678/0001-90,Guarulhos,SP,Quimica Atlas S.A.,90.123.456/0001-27,Campinas,SP,Aereo,SerraMar Transportes,Toco,Autopecas,Nao,Sim,225,8669.67,18.81,198147.68,1080.28,2026-02-13,2026-02-14,2026-02-15,2026-02-17,2026-02-21,2,4,Nao,Entregue,Fiscalizacao
ENV0074,TransLog S.A.,12.345.678/0001-90,Guarulhos,SP,EletroMoveis Central Ltda,11.223.344/0001-08,Belem,PA,Rodoviario,Expresso Bandeirantes,Bitrem,Autopecas,Nao,Sim,2338,7889.89,17.51,202176.1,10504.24,2026-01-16,2026-01-16,2026-01-16,2026-01-24,2026-01-23,8,0,Sim,Entregue,Falta de doc.
ENV0075,TransLog S.A.,12.345.678/0001-90,Guarulhos,SP,Moda & Cia Confecções Ltda,88.990.011/0001-75,Brasilia,DF,Rodoviario,Expresso Bandeirantes,Toco,Moveis,Nao,Sim,1390,3697.06,8.2,107322.21,4952.63,2026-02-26,2026-02-28,2026-03-01,2026-03-06,2026-03-05,5,0,Sim,Entregue,-
ENV0076,TransLog S.A.,12.345.678/0001-90,Guarulhos,SP,AutoPecas Horizonte Ltda,01.234.567/0001-10,Rio de Janeiro,RJ,Ferroviario,CargaCerta,VUC,Refrigerados,Sim,Sim,606,8098.81,13.48,89384.16,1794.12,2026-02-03,2026-02-03,2026-02-04,2026-02-12,2026-02-14,8,2,Nao,Entregue,Falta de doc.
ENV0077,TransLog S.A.,12.345.678/0001-90,Guarulhos,SP,Metalurgica Serra Azul S.A.,56.789.012/0001-03,Vitoria,ES,Rodoviario,ViaNorte Log,Carreta,Eletronicos,Nao,Sim,199,12140.8,28.25,156083.92,1122.03,2026-03-08,2026-03-09,2026-03-10,2026-03-11,2026-03-12,1,1,Nao,Entregue,Retido em barreira
ENV0078,TransLog S.A.,12.345.678/0001-90,Guarulhos,SP,Metalurgica Serra Azul S.A.,56.789.012/0001-03,Brasilia,DF,Aereo,Expresso Bandeirantes,Toco,Medicamentos,Sim,Sim,1101,6107.74,33.66,45767.72,4410.19,2026-03-03,2026-03-03,2026-03-04,2026-03-06,2026-03-10,2,4,Nao,Entregue,Retido em barreira
ENV0079,TransLog S.A.,12.345.678/0001-90,Guarulhos,SP,AutoPecas Horizonte Ltda,01.234.567/0001-10,Goiania,GO,Rodoviario,ViaNorte Log,Carreta,Medicamentos,Sim,Sim,1301,5459.05,21.72,177650.25,4944.48,2026-01-29,2026-01-29,2026-01-29,2026-02-02,2026-02-01,4,0,Sim,Entregue,Falta de doc.
ENV0080,TransLog S.A.,12.345.678/0001-90,Guarulhos,SP,Alimentos Campo Verde Ltda,44.556.677/0001-51,Campinas,SP,Ferroviario,AeroFast,VUC,Alimentos secos,Nao,Sim,269,630.94,35.57,134544.83,378.5,2026-02-19,2026-02-20,2026-02-21,2026-02-25,2026-03-01,4,4,Nao,Entregue,Avaria leve
ENV0081,TransLog S.A.,12.345.678/0001-90,Guarulhos,SP,Papelaria & Embalagens Aurora S.A.,33.445.566/0001-70,Recife,PE,Cabotagem,AeroFast,Carreta,Tecido e vestuario,Nao,Sim,1816,12477.69,42.91,120520.64,4008.82,2026-03-01,2026-03-03,2026-03-03,2026-03-15,2026-03-19,12,4,Nao,Entregue,Atraso por chuva
ENV0082,TransLog S.A.,12.345.678/0001-90,Guarulhos,SP,Alimentos Campo Verde Ltda,44.556.677/0001-51,Belo Horizonte,MG,Aereo,AeroFast,Bitrem,Quimicos,Nao,Sim,599,1254.07,26.83,213174.76,2409.61,2026-02-23,2026-02-23,2026-02-23,2026-02-25,2026-03-01,2,4,Nao,Entregue,Atraso operacional
ENV0083,TransLog S.A.,12.345.678/0001-90,Guarulhos,SP,Alimentos Campo Verde Ltda,44.556.677/0001-51,Manaus,AM,Rodoviario,Expresso Bandeirantes,Carreta,Alimentos secos,Nao,Nao,2501,15358.16,8.07,26112.19,9877.52,2026-01-22,2026-01-24,2026-01-24,2026-02-02,2026-02-05,9,3,Nao,Entregue,Reentrega agendada
ENV0084,TransLog S.A.,12.345.678/0001-90,Guarulhos,SP,Cosmeticos Brisa Ltda,66.778.899/0001-13,Belem,PA,Aereo,NavegaCargo,Toco,Moveis,Nao,Sim,2633,8059.66,41.6,158606.44,11192.66,2026-01-27,2026-01-28,2026-01-29,2026-01-30,2026-01-31,1,1,Nao,Entregue,Falta de doc.
ENV0085,TransLog S.A.,12.345.678/0001-90,Guarulhos,SP,Distribuidora PontoCerto Ltda,22.334.455/0001-99,Goiania,GO,Rodoviario,RodoSul,VUC,Materiais de construcao,Nao,Sim,943,14623.45,35.59,165120.24,3509.89,2026-02-26,2026-02-28,2026-03-01,2026-03-05,2026-03-08,4,3,Nao,Entregue,Atraso operacional
ENV0086,TransLog S.A.,12.345.678/0001-90,Guarulhos,SP,EletroMoveis Central Ltda,11.223.344/0001-08,Salvador,BA,Aereo,AeroFast,Bitrem,Medicamentos,Sim,Sim,1694,10532.19,22.93,170069.28,11126.67,2026-02-05,2026-02-07,2026-02-07,2026-02-09,2026-02-08,2,0,Sim,Entregue,Sinistro
ENV0087,TransLog S.A.,12.345.678/0001-90,Guarulhos,SP,EletroMoveis Central Ltda,11.223.344/0001-08,Salvador,BA,Rodoviario,RodoSul,Bitrem,Alimentos secos,Nao,Nao,2657,11746.11,29.01,39291.44,9592.91,2026-01-09,2026-01-09,2026-01-09,2026-01-18,2026-01-20,9,2,Nao,Entregue,Sinistro
ENV0088,TransLog S.A.,12.345.678/0001-90,Guarulhos,SP,AutoPecas Horizonte Ltda,01.234.567/0001-10,Recife,PE,Ferroviario,NavegaCargo,Truck,Papel e embalagens,Nao,Sim,1944,10206.25,15.07,198606.68,6995.73,2026-02-08,2026-02-08,2026-02-09,2026-02-15,2026-02-16,6,1,Nao,Entregue,Falta de doc.
ENV0089,TransLog S.A.,12.345.678/0001-90,Guarulhos,SP,Farmacias BemViver Ltda,45.678.901/0001-22,Florianopolis,SC,Ferroviario,CargaCerta,Bitrem,Alimentos secos,Nao,Sim,455,1116.08,23.47,119093.24,685.21,2026-01-22,2026-01-23,2026-01-23,2026-01-29,2026-01-30,6,1,Nao,Entregue,Endereco incorreto
ENV0090,TransLog S.A.,12.345.678/0001-90,Guarulhos,SP,Farmacias BemViver Ltda,45.678.901/0001-22,Salvador,BA,Rodoviario,SerraMar Transportes,VUC,Papel e embalagens,Nao,Sim,2559,1954.98,5.88,103134.05,4469.55,2026-01-26,2026-01-27,2026-01-27,2026-02-02,2026-02-01,6,0,Sim,Entregue,Avaria leve
ENV0091,TransLog S.A.,12.345.678/0001-90,Guarulhos,SP,TechParts Componentes Ltda,67.890.123/0001-84,Brasilia,DF,Ferroviario,SerraMar Transportes,VUC,Materiais de construcao,Nao,Sim,734,16487.15,13.66,201386.05,2708.87,2026-02-21,2026-02-21,2026-02-22,2026-02-28,2026-02-28,6,0,Sim,Entregue,-
ENV0092,TransLog S.A.,12.345.678/0001-90,Guarulhos,SP,Construtora Pedra Forte S.A.,78.901.234/0001-65,Goiania,GO,Cabotagem,AeroFast,Bitrem,Refrigerados,Sim,Sim,729,12891.61,32.63,215658.54,1505.73,2026-01-21,2026-01-21,2026-01-21,2026-02-04,2026-02-03,14,0,Sim,Entregue,Endereco incorreto
ENV0093,TransLog S.A.,12.345.678/0001-90,Guarulhos,SP,Construtora Pedra Forte S.A.,78.901.234/0001-65,Goiania,GO,Cabotagem,RodoSul,Truck,Medicamentos,Sim,Sim,970,496.68,16.86,20435.92,1071.59,2026-02-03,2026-02-05,2026-02-06,2026-02-20,2026-02-22,14,2,Nao,Entregue,Atraso por chuva
ENV0094,TransLog S.A.,12.345.678/0001-90,Guarulhos,SP,TechParts Componentes Ltda,67.890.123/0001-84,Porto Alegre,RS,Aereo,SerraMar Transportes,VUC,Tecido e vestuario,Nao,Nao,423,3180.88,30.01,17915.13,1544.98,2026-02-03,2026-02-05,2026-02-06,2026-02-09,2026-02-08,3,0,Sim,Entregue,-
ENV0095,TransLog S.A.,12.345.678/0001-90,Guarulhos,SP,Metalurgica Serra Azul S.A.,56.789.012/0001-03,Belo Horizonte,MG,Cabotagem,ViaNorte Log,Truck,Medicamentos,Sim,Sim,609,17171.15,12.2,193415.22,2286.45,2026-01-23,2026-01-24,2026-01-25,2026-02-06,2026-02-07,12,1,Nao,Entregue,Falta de doc.
ENV0096,TransLog S.A.,12.345.678/0001-90,Guarulhos,SP,EletroMoveis Central Ltda,11.223.344/0001-08,Salvador,BA,Ferroviario,AeroFast,Carreta,Tecido e vestuario,Nao,Sim,1465,3732.85,25.47,137195.69,3300.67,2026-01-23,2026-01-24,2026-01-25,2026-02-01,2026-02-02,7,1,Nao,Entregue,Fiscalizacao
ENV0097,TransLog S.A.,12.345.678/0001-90,Guarulhos,SP,Hospital Sao Lucas S.A.,55.667.788/0001-32,Recife,PE,Cabotagem,CargaCerta,Toco,Moveis,Nao,Nao,2285,5709.07,39.69,77375.71,4824.64,2026-01-31,2026-02-02,2026-02-03,2026-02-12,2026-02-11,9,0,Sim,Entregue,Endereco incorreto
ENV0098,TransLog S.A.,12.345.678/0001-90,Guarulhos,SP,Bebidas Rio Claro Ltda,89.012.345/0001-46,Florianopolis,SC,Aereo,AeroFast,Toco,Autopecas,Nao,Sim,497,6898.48,29.84,160414.35,3130.03,2026-03-04,2026-03-06,2026-03-07,2026-03-08,2026-03-12,1,4,Nao,Entregue,Endereco incorreto
ENV0099,TransLog S.A.,12.345.678/0001-90,Guarulhos,SP,Hospital Sao Lucas S.A.,55.667.788/0001-32,Rio de Janeiro,RJ,Rodoviario,RodoSul,Truck,Quimicos,Nao,Sim,105,13372.18,35.66,219714.37,292.0,2026-02-10,2026-02-12,2026-02-12,2026-02-14,2026-02-15,2,1,Nao,Entregue,-
ENV0100,TransLog S.A.,12.345.678/0001-90,Guarulhos,SP,Bebidas Rio Claro Ltda,89.012.345/0001-46,Manaus,AM,Aereo,SerraMar Transportes,Carreta,Eletronicos,Nao,Sim,3550,17870.19,18.96,35308.61,36128.27,2026-01-28,2026-01-28,2026-01-28,2026-01-31,2026-02-01,3,1,Nao,Entregue,Retido em barreira
ENV0101,TransLog S.A.,12.345.678/0001-90,Guarulhos,SP,TechParts Componentes Ltda,67.890.123/0001-84,Florianopolis,SC,Cabotagem,Expresso Bandeirantes,Bitrem,Eletronicos,Nao,Sim,821,5360.23,36.75,194327.18,1514.17,2026-01-22,2026-01-22,2026-01-23,2026-02-02,2026-02-02,10,0,Sim,Entregue,Avaria leve
ENV0102,TransLog S.A.,12.345.678/0001-90,Guarulhos,SP,Cosmeticos Brisa Ltda,66.778.899/0001-13,Belo Horizonte,MG,Rodoviario,Expresso Bandeirantes,Carreta,Eletronicos,Nao,Sim,115,16365.16,17.24,144923.54,704.12,2026-02-03,2026-02-04,2026-02-04,2026-02-06,2026-02-07,2,1,Nao,Entregue,Sinistro
ENV0103,TransLog S.A.,12.345.678/0001-90,Guarulhos,SP,EletroMoveis Central Ltda,11.223.344/0001-08,Rio de Janeiro,RJ,Cabotagem,NavegaCargo,Truck,Refrigerados,Sim,Sim,192,3454.07,32.37,81834.87,302.0,2026-02-05,2026-02-07,2026-02-07,2026-02-15,2026-02-16,8,1,Nao,Entregue,Fiscalizacao
ENV0104,TransLog S.A.,12.345.678/0001-90,Guarulhos,SP,Papelaria & Embalagens Aurora S.A.,33.445.566/0001-70,Sao Jose dos Campos,SP,Aereo,NavegaCargo,Toco,Autopecas,Nao,Nao,455,17576.12,37.53,61514.79,3236.3,2026-02-12,2026-02-13,2026-02-13,2026-02-14,2026-02-14,1,0,Sim,Entregue,Reentrega agendada
ENV0105,TransLog S.A.,12.345.678/0001-90,Guarulhos,SP,Cosmeticos Brisa Ltda,66.778.899/0001-13,Manaus,AM,Cabotagem,NavegaCargo,Carreta,Tecido e vestuario,Nao,Sim,2620,13318.05,19.43,121103.16,4329.38,2026-02-05,2026-02-05,2026-02-05,2026-02-18,2026-02-22,13,4,Nao,Entregue,Endereco incorreto
ENV0106,TransLog S.A.,12.345.678/0001-90,Guarulhos,SP,TechParts Componentes Ltda,67.890.123/0001-84,Cuiaba,MT,Cabotagem,Expresso Bandeirantes,VUC,Materiais de construcao,Nao,Sim,1158,17209.47,27.09,85499.24,3151.45,2026-01-17,2026-01-17,2026-01-17,2026-01-30,2026-01-31,13,1,Nao,Entregue,Reentrega agendada
ENV0107,TransLog S.A.,12.345.678/0001-90,Guarulhos,SP,Quimica Atlas S.A.,90.123.456/0001-27,Salvador,BA,Rodoviario,RodoSul,Truck,Alimentos secos,Nao,Sim,2675,3249.58,22.16,150558.57,7063.02,2026-01-11,2026-01-13,2026-01-13,2026-01-19,2026-01-22,6,3,Nao,Entregue,Endereco incorreto
ENV0108,TransLog S.A.,12.345.678/0001-90,Guarulhos,SP,Bebidas Rio Claro Ltda,89.012.345/0001-46,Brasilia,DF,Rodoviario,ViaNorte Log,Toco,Tecido e vestuario,Nao,Nao,1066,17323.53,24.94,42746.18,6868.35,2026-01-27,2026-01-29,2026-01-30,2026-02-05,2026-02-06,6,1,Nao,Entregue,Retido em barreira
ENV0109,TransLog S.A.,12.345.678/0001-90,Guarulhos,SP,Distribuidora PontoCerto Ltda,22.334.455/0001-99,Rio de Janeiro,RJ,Aereo,NavegaCargo,Toco,Alimentos secos,Nao,Sim,306,15464.68,38.35,208876.95,3121.89,2026-01-17,2026-01-19,2026-01-19,2026-01-21,2026-01-22,2,1,Nao,Entregue,Avaria leve
ENV0110,TransLog S.A.,12.345.678/0001-90,Guarulhos,SP,Moda & Cia Confecções Ltda,88.990.011/0001-75,Campinas,SP,Ferroviario,AeroFast,VUC,Alimentos secos,Nao,Sim,411,13416.28,37.09,196357.36,1115.2,2026-01-09,2026-01-10,2026-01-10,2026-01-18,2026-01-21,8,3,Nao,Entregue,Cliente ausente
ENV0111,TransLog S.A.,12.345.678/0001-90,Guarulhos,SP,Agropecuaria Boa Safra S.A.,77.889.900/0001-94,Goiania,GO,Aereo,SerraMar Transportes,Truck,Moveis,Nao,Sim,826,9602.59,34.58,141836.51,4707.24,2026-01-11,2026-01-13,2026-01-14,2026-01-15,2026-01-19,1,4,Nao,Entregue,Reentrega agendada
ENV0112,TransLog S.A.,12.345.678/0001-90,Guarulhos,SP,Distribuidora PontoCerto Ltda,22.334.455/0001-99,Recife,PE,Rodoviario,NavegaCargo,Toco,Alimentos secos,Nao,Sim,1798,11051.14,35.38,124723.76,5826.09,2026-02-21,2026-02-22,2026-02-23,2026-03-02,2026-03-01,7,0,Sim,Entregue,Sinistro
ENV0113,TransLog S.A.,12.345.678/0001-90,Guarulhos,SP,Alimentos Campo Verde Ltda,44.556.677/0001-51,Curitiba,PR,Aereo,SerraMar Transportes,Toco,Refrigerados,Sim,Sim,660,368.68,28.81,215308.55,2073.73,2026-01-21,2026-01-21,2026-01-22,2026-01-23,2026-01-24,1,1,Nao,Entregue,Fiscalizacao
ENV0114,TransLog S.A.,12.345.678/0001-90,Guarulhos,SP,AutoPecas Horizonte Ltda,01.234.567/0001-10,Manaus,AM,Aereo,Expresso Bandeirantes,Truck,Eletronicos,Nao,Sim,3360,11386.76,36.11,68010.52,24184.14,2026-03-04,2026-03-06,2026-03-06,2026-03-08,2026-03-11,2,3,Nao,Entregue,Retido em barreira
ENV0115,TransLog S.A.,12.345.678/0001-90,Guarulhos,SP,Supermercados Vila Norte S.A.,23.456.789/0001-55,Manaus,AM,Ferroviario,SerraMar Transportes,VUC,Tecido e vestuario,Nao,Sim,2894,7674.27,16.29,195304.37,8617.48,2026-03-05,2026-03-06,2026-03-06,2026-03-11,2026-03-10,5,0,Sim,Entregue,Avaria leve
ENV0116,TransLog S.A.,12.345.678/0001-90,Guarulhos,SP,Hospital Sao Lucas S.A.,55.667.788/0001-32,Goiania,GO,Aereo,SerraMar Transportes,Bitrem,Tecido e vestuario,Nao,Sim,1143,1814.54,5.29,226919.46,4637.76,2026-03-01,2026-03-03,2026-03-03,2026-03-06,2026-03-10,3,4,Nao,Entregue,Fiscalizacao
ENV0117,TransLog S.A.,12.345.678/0001-90,Guarulhos,SP,Alimentos Campo Verde Ltda,44.556.677/0001-51,Curitiba,PR,Rodoviario,NavegaCargo,Bitrem,Medicamentos,Sim,Sim,948,945.98,32.25,66335.17,2659.84,2026-01-19,2026-01-21,2026-01-22,2026-01-28,2026-01-28,6,0,Sim,Entregue,Atraso por chuva
ENV0118,TransLog S.A.,12.345.678/0001-90,Guarulhos,SP,TechParts Componentes Ltda,67.890.123/0001-84,Porto Alegre,RS,Cabotagem,RodoSul,VUC,Papel e embalagens,Nao,Sim,1021,10627.58,25.48,126738.28,1811.23,2026-02-03,2026-02-03,2026-02-03,2026-02-10,2026-02-09,7,0,Sim,Entregue,Cliente ausente
ENV0119,TransLog S.A.,12.345.678/0001-90,Guarulhos,SP,Moda & Cia Confecções Ltda,88.990.011/0001-75,Belem,PA,Cabotagem,ViaNorte Log,Carreta,Papel e embalagens,Nao,Sim,2581,3337.15,39.59,108107.76,5588.7,2026-01-28,2026-01-30,2026-01-30,2026-02-05,2026-02-07,6,2,Nao,Entregue,Endereco incorreto
ENV0120,TransLog S.A.,12.345.678/0001-90,Guarulhos,SP,Moda & Cia Confecções Ltda,88.990.011/0001-75,Brasilia,DF,Cabotagem,CargaCerta,VUC,Autopecas,Nao,Sim,905,3645.71,26.88,166022.8,1406.77,2026-01-18,2026-01-18,2026-01-18,2026-01-28,2026-01-29,10,1,Nao,Entregue,Reentrega agendada
ENV0121,TransLog S.A.,12.345.678/0001-90,Guarulhos,SP,Metalurgica Serra Azul S.A.,56.789.012/0001-03,Recife,PE,Cabotagem,SerraMar Transportes,Truck,Tecido e vestuario,Nao,Sim,2389,6532.61,10.6,152465.78,4273.96,2026-01-15,2026-01-16,2026-01-17,2026-01-27,2026-01-30,10,3,Nao,Entregue,Avaria leve
ENV0122,TransLog S.A.,12.345.678/0001-90,Guarulhos,SP,TechParts Componentes Ltda,67.890.123/0001-84,Cuiaba,MT,Ferroviario,ViaNorte Log,Bitrem,Autopecas,Nao,Sim,1639,11011.66,44.06,195615.46,5434.05,2026-01-10,2026-01-12,2026-01-12,2026-01-21,2026-01-23,9,2,Nao,Entregue,Reentrega agendada
ENV0123,TransLog S.A.,12.345.678/0001-90,Guarulhos,SP,Papelaria & Embalagens Aurora S.A.,33.445.566/0001-70,Vitoria,ES,Ferroviario,RodoSul,VUC,Tecido e vestuario,Nao,Nao,129,10786.92,1.63,40838.99,377.97,2026-02-26,2026-02-28,2026-03-01,2026-03-08,2026-03-10,7,2,Nao,Entregue,Atraso operacional
ENV0124,TransLog S.A.,12.345.678/0001-90,Guarulhos,SP,Bebidas Rio Claro Ltda,89.012.345/0001-46,Cuiaba,MT,Aereo,RodoSul,Bitrem,Eletronicos,Nao,Sim,1641,16660.6,12.77,90375.19,17445.58,2026-01-29,2026-01-29,2026-01-30,2026-02-01,2026-02-02,2,1,Nao,Entregue,Falta de doc.
ENV0125,TransLog S.A.,12.345.678/0001-90,Guarulhos,SP,Cosmeticos Brisa Ltda,66.778.899/0001-13,Belo Horizonte,MG,Ferroviario,ViaNorte Log,VUC,Tecido e vestuario,Nao,Nao,264,14069.29,35.92,64321.32,787.93,2026-03-01,2026-03-02,2026-03-03,2026-03-11,2026-03-14,8,3,Nao,Entregue,Endereco incorreto
ENV0126,TransLog S.A.,12.345.678/0001-90,Guarulhos,SP,Bebidas Rio Claro Ltda,89.012.345/0001-46,Brasilia,DF,Rodoviario,AeroFast,Carreta,Alimentos secos,Nao,Sim,1365,13139.82,10.25,213483.63,7000.62,2026-02-03,2026-02-04,2026-02-05,2026-02-10,2026-02-10,5,0,Sim,Entregue,Retido em barreira
ENV0127,TransLog S.A.,12.345.678/0001-90,Guarulhos,SP,Construtora Pedra Forte S.A.,78.901.234/0001-65,Belem,PA,Ferroviario,RodoSul,VUC,Refrigerados,Sim,Sim,2590,12404.62,3.22,198681.91,7669.6,2026-02-07,2026-02-08,2026-02-09,2026-02-18,2026-02-21,9,3,Nao,Entregue,Falta de doc.
ENV0128,TransLog S.A.,12.345.678/0001-90,Guarulhos,SP,Alimentos Campo Verde Ltda,44.556.677/0001-51,Sao Jose dos Campos,SP,Rodoviario,RodoSul,Toco,Medicamentos,Sim,Sim,500,8500.85,14.88,81642.6,2080.46,2026-02-01,2026-02-02,2026-02-03,2026-02-06,2026-02-06,3,0,Sim,Entregue,Avaria leve
ENV0129,TransLog S.A.,12.345.678/0001-90,Guarulhos,SP,Construtora Pedra Forte S.A.,78.901.234/0001-65,Curitiba,PR,Aereo,NavegaCargo,Carreta,Eletronicos,Nao,Sim,397,15687.99,10.02,146598.13,2464.9,2026-03-02,2026-03-03,2026-03-04,2026-03-05,2026-03-04,1,0,Sim,Entregue,-
ENV0130,TransLog S.A.,12.345.678/0001-90,Guarulhos,SP,Papelaria & Embalagens Aurora S.A.,33.445.566/0001-70,Vitoria,ES,Rodoviario,NavegaCargo,VUC,Moveis,Nao,Sim,603,17215.8,12.0,170377.58,2682.81,2026-03-08,2026-03-10,2026-03-10,2026-03-14,2026-03-17,4,3,Nao,Entregue,Atraso operacional
ENV0131,TransLog S.A.,12.345.678/0001-90,Guarulhos,SP,Hospital Sao Lucas S.A.,55.667.788/0001-32,Fortaleza,CE,Rodoviario,RodoSul,Bitrem,Alimentos secos,Nao,Sim,2164,2817.58,26.82,215001.46,5183.06,2026-02-19,2026-02-20,2026-02-20,2026-02-28,2026-03-01,8,1,Nao,Entregue,Atraso por chuva
ENV0132,TransLog S.A.,12.345.678/0001-90,Guarulhos,SP,Supermercados Vila Norte S.A.,23.456.789/0001-55,Florianopolis,SC,Cabotagem,ViaNorte Log,Bitrem,Tecido e vestuario,Nao,Sim,1028,6811.9,40.68,85597.32,1350.96,2026-01-12,2026-01-12,2026-01-12,2026-01-26,2026-01-25,14,0,Sim,Entregue,Atraso por chuva
ENV0133,TransLog S.A.,12.345.678/0001-90,Guarulhos,SP,Alimentos Campo Verde Ltda,44.556.677/0001-51,Cuiaba,MT,Rodoviario,SerraMar Transportes,Carreta,Materiais de construcao,Nao,Sim,709,1119.38,11.43,231570.56,1921.63,2026-01-28,2026-01-28,2026-01-28,2026-01-30,2026-02-02,2,3,Nao,Entregue,Avaria leve
ENV0134,TransLog S.A.,12.345.678/0001-90,Guarulhos,SP,Bebidas Rio Claro Ltda,89.012.345/0001-46,Curitiba,PR,Cabotagem,Expresso Bandeirantes,Carreta,Moveis,Nao,Sim,585,3789.97,1.64,103153.56,1012.04,2026-02-02,2026-02-04,2026-02-05,2026-02-13,2026-02-14,8,1,Nao,Entregue,Retido em barreira
ENV0135,TransLog S.A.,12.345.678/0001-90,Guarulhos,SP,Hospital Sao Lucas S.A.,55.667.788/0001-32,Porto Alegre,RS,Ferroviario,AeroFast,Bitrem,Quimicos,Nao,Sim,955,15695.4,0.59,151174.77,3303.59,2026-01-08,2026-01-08,2026-01-09,2026-01-16,2026-01-15,7,0,Sim,Entregue,Avaria leve
ENV0136,TransLog S.A.,12.345.678/0001-90,Guarulhos,SP,Supermercados Vila Norte S.A.,23.456.789/0001-55,Porto Alegre,RS,Cabotagem,AeroFast,VUC,Quimicos,Nao,Sim,1014,10836.95,27.89,117545.36,2309.04,2026-01-15,2026-01-15,2026-01-16,2026-01-30,2026-01-31,14,1,Nao,Entregue,Retido em barreira
ENV0137,TransLog S.A.,12.345.678/0001-90,Guarulhos,SP,Supermercados Vila Norte S.A.,23.456.789/0001-55,Cuiaba,MT,Cabotagem,Expresso Bandeirantes,Toco,Autopecas,Nao,Nao,1363,12158.98,7.22,2450.99,3289.03,2026-02-01,2026-02-03,2026-02-04,2026-02-15,2026-02-14,11,0,Sim,Entregue,Falta de doc.
ENV0138,TransLog S.A.,12.345.678/0001-90,Guarulhos,SP,Papelaria & Embalagens Aurora S.A.,33.445.566/0001-70,Campinas,SP,Rodoviario,AeroFast,Bitrem,Alimentos secos,Nao,Sim,528,4471.69,32.03,229848.46,1065.06,2026-03-07,2026-03-07,2026-03-07,2026-03-10,2026-03-09,3,0,Sim,Entregue,Fiscalizacao
ENV0139,TransLog S.A.,12.345.678/0001-90,Guarulhos,SP,Moda & Cia Confecções Ltda,88.990.011/0001-75,Manaus,AM,Rodoviario,CargaCerta,Bitrem,Alimentos secos,Nao,Sim,2557,14012.15,8.39,200309.95,8709.42,2026-02-26,2026-02-27,2026-02-27,2026-03-07,2026-03-08,8,1,Nao,Entregue,Fiscalizacao
ENV0140,TransLog S.A.,12.345.678/0001-90,Guarulhos,SP,Moda & Cia Confecções Ltda,88.990.011/0001-75,Vitoria,ES,Ferroviario,Expresso Bandeirantes,Toco,Tecido e vestuario,Nao,Nao,470,13416.53,32.54,9503.52,1153.97,2026-02-17,2026-02-19,2026-02-19,2026-02-26,2026-02-28,7,2,Nao,Entregue,Atraso por chuva
ENV0141,TransLog S.A.,12.345.678/0001-90,Guarulhos,SP,Metalurgica Serra Azul S.A.,56.789.012/0001-03,Curitiba,PR,Cabotagem,AeroFast,VUC,Eletronicos,Nao,Sim,1167,17733.89,19.76,49464.2,2646.68,2026-02-20,2026-02-20,2026-02-21,2026-03-07,2026-03-11,14,4,Nao,Entregue,Fiscalizacao
ENV0142,TransLog S.A.,12.345.678/0001-90,Guarulhos,SP,Quimica Atlas S.A.,90.123.456/0001-27,Recife,PE,Rodoviario,CargaCerta,VUC,Papel e embalagens,Nao,Sim,1979,4076.0,4.9,84397.1,4434.89,2026-02-01,2026-02-01,2026-02-02,2026-02-10,2026-02-14,8,4,Nao,Entregue,Atraso por chuva
ENV0143,TransLog S.A.,12.345.678/0001-90,Guarulhos,SP,Supermercados Vila Norte S.A.,23.456.789/0001-55,Belo Horizonte,MG,Aereo,ViaNorte Log,Carreta,Alimentos secos,Nao,Sim,350,8890.11,1.17,98750.58,2128.96,2026-01-28,2026-01-30,2026-01-30,2026-02-01,2026-02-02,2,1,Nao,Entregue,Cliente ausente
ENV0144,TransLog S.A.,12.345.678/0001-90,Guarulhos,SP,TechParts Componentes Ltda,67.890.123/0001-84,Fortaleza,CE,Cabotagem,ViaNorte Log,Bitrem,Papel e embalagens,Nao,Nao,2677,11310.69,25.37,37819.74,6684.83,2026-01-18,2026-01-18,2026-01-19,2026-01-31,2026-02-02,12,2,Nao,Entregue,Falta de doc.
ENV0145,TransLog S.A.,12.345.678/0001-90,Guarulhos,SP,Hospital Sao Lucas S.A.,55.667.788/0001-32,Belem,PA,Ferroviario,ViaNorte Log,VUC,Materiais de construcao,Nao,Sim,2949,474.77,38.95,89291.65,4201.18,2026-03-07,2026-03-09,2026-03-10,2026-03-17,2026-03-21,7,4,Nao,Entregue,Atraso operacional
ENV0146,TransLog S.A.,12.345.678/0001-90,Guarulhos,SP,Bebidas Rio Claro Ltda,89.012.345/0001-46,Cuiaba,MT,Ferroviario,CargaCerta,Carreta,Tecido e vestuario,Nao,Sim,1309,5954.23,13.02,227674.76,3213.9,2026-02-14,2026-02-15,2026-02-16,2026-02-24,2026-02-24,8,0,Sim,Entregue,Reentrega agendada
ENV0147,TransLog S.A.,12.345.678/0001-90,Guarulhos,SP,Supermercados Vila Norte S.A.,23.456.789/0001-55,Salvador,BA,Cabotagem,Expresso Bandeirantes,Toco,Quimicos,Nao,Sim,2365,10086.68,30.98,151229.21,5697.21,2026-01-19,2026-01-20,2026-01-20,2026-02-02,2026-02-01,13,0,Sim,Entregue,Atraso por chuva
ENV0148,TransLog S.A.,12.345.678/0001-90,Guarulhos,SP,TechParts Componentes Ltda,67.890.123/0001-84,Florianopolis,SC,Rodoviario,RodoSul,VUC,Refrigerados,Sim,Nao,862,11275.16,17.84,66297.29,2678.41,2026-02-03,2026-02-03,2026-02-03,2026-02-06,2026-02-06,3,0,Sim,Entregue,Avaria leve
ENV0149,TransLog S.A.,12.345.678/0001-90,Guarulhos,SP,AutoPecas Horizonte Ltda,01.234.567/0001-10,Sao Jose dos Campos,SP,Rodoviario,NavegaCargo,Toco,Medicamentos,Sim,Sim,212,187.74,5.23,169722.28,522.26,2026-03-01,2026-03-03,2026-03-03,2026-03-05,2026-03-06,2,1,Nao,Entregue,Endereco incorreto
ENV0150,TransLog S.A.,12.345.678/0001-90,Guarulhos,SP,Papelaria & Embalagens Aurora S.A.,33.445.566/0001-70,Sao Jose dos Campos,SP,Aereo,CargaCerta,Toco,Moveis,Nao,Sim,101,7752.28,5.21,138979.18,710.56,2026-01-29,2026-01-30,2026-01-30,2026-02-02,2026-02-04,3,2,Nao,Entregue,Fiscalizacao
ENV0151,TransLog S.A.,12.345.678/0001-90,Guarulhos,SP,Farmacias BemViver Ltda,45.678.901/0001-22,Curitiba,PR,Ferroviario,AeroFast,Bitrem,Eletronicos,Nao,Sim,459,16665.3,34.87,137521.57,2156.45,2026-01-19,2026-01-20,2026-01-21,2026-01-30,2026-02-03,9,4,Nao,Entregue,Retido em barreira
ENV0152,TransLog S.A.,12.345.678/0001-90,Guarulhos,SP,Distribuidora PontoCerto Ltda,22.334.455/0001-99,Cuiaba,MT,Aereo,Expresso Bandeirantes,Bitrem,Papel e embalagens,Nao,Sim,1383,12239.39,28.67,128579.9,8008.56,2026-01-18,2026-01-18,2026-01-18,2026-01-20,2026-01-22,2,2,Nao,Entregue,Falta de doc.
ENV0153,TransLog S.A.,12.345.678/0001-90,Guarulhos,SP,Hospital Sao Lucas S.A.,55.667.788/0001-32,Belem,PA,Rodoviario,CargaCerta,Bitrem,Quimicos,Nao,Sim,3407,8880.7,9.1,128670.68,12646.35,2026-02-15,2026-02-16,2026-02-17,2026-02-24,2026-02-27,7,3,Nao,Entregue,Sinistro
ENV0154,TransLog S.A.,12.345.678/0001-90,Guarulhos,SP,Alimentos Campo Verde Ltda,44.556.677/0001-51,Manaus,AM,Cabotagem,NavegaCargo,Carreta,Eletronicos,Nao,Sim,2717,11134.6,32.15,182492.7,4758.24,2026-01-15,2026-01-17,2026-01-18,2026-01-26,2026-01-30,8,4,Nao,Entregue,Reentrega agendada
ENV0155,TransLog S.A.,12.345.678/0001-90,Guarulhos,SP,Cosmeticos Brisa Ltda,66.778.899/0001-13,Belo Horizonte,MG,Rodoviario,SerraMar Transportes,Bitrem,Moveis,Nao,Nao,267,3152.7,1.92,32538.64,800.49,2026-02-12,2026-02-14,2026-02-14,2026-02-16,2026-02-17,2,1,Nao,Entregue,Sinistro
ENV0156,TransLog S.A.,12.345.678/0001-90,Guarulhos,SP,AutoPecas Horizonte Ltda,01.234.567/0001-10,Fortaleza,CE,Cabotagem,AeroFast,VUC,Medicamentos,Sim,Sim,2430,2469.12,14.81,122796.34,2888.28,2026-02-23,2026-02-24,2026-02-25,2026-03-03,2026-03-07,6,4,Nao,Entregue,Cliente ausente
ENV0157,TransLog S.A.,12.345.678/0001-90,Guarulhos,SP,Alimentos Campo Verde Ltda,44.556.677/0001-51,Rio de Janeiro,RJ,Aereo,ViaNorte Log,Toco,Medicamentos,Sim,Sim,111,4465.83,1.24,244282.23,353.47,2026-02-14,2026-02-15,2026-02-16,2026-02-17,2026-02-18,1,1,Nao,Entregue,Fiscalizacao
ENV0158,TransLog S.A.,12.345.678/0001-90,Guarulhos,SP,Moda & Cia Confecções Ltda,88.990.011/0001-75,Sao Jose dos Campos,SP,Aereo,ViaNorte Log,Toco,Quimicos,Nao,Sim,292,15148.4,18.71,162891.25,1603.97,2026-01-26,2026-01-27,2026-01-27,2026-01-28,2026-01-28,1,0,Sim,Entregue,Atraso por chuva
ENV0159,TransLog S.A.,12.345.678/0001-90,Guarulhos,SP,EletroMoveis Central Ltda,11.223.344/0001-08,Goiania,GO,Rodoviario,AeroFast,Truck,Quimicos,Nao,Sim,1415,13667.92,23.01,185032.57,5944.16,2026-02-21,2026-02-22,2026-02-23,2026-02-28,2026-02-27,5,0,Sim,Entregue,Sinistro
ENV0160,TransLog S.A.,12.345.678/0001-90,Guarulhos,SP,Alimentos Campo Verde Ltda,44.556.677/0001-51,Belo Horizonte,MG,Ferroviario,NavegaCargo,Carreta,Moveis,Nao,Sim,276,7355.73,40.89,110815.06,527.11,2026-02-09,2026-02-10,2026-02-10,2026-02-17,2026-02-18,7,1,Nao,Entregue,Avaria leve
ENV0161,TransLog S.A.,12.345.678/0001-90,Guarulhos,SP,Farmacias BemViver Ltda,45.678.901/0001-22,Belo Horizonte,MG,Ferroviario,AeroFast,Bitrem,Medicamentos,Sim,Sim,640,11429.96,4.88,246042.18,2112.06,2026-02-23,2026-02-25,2026-02-26,2026-03-03,2026-03-04,5,1,Nao,Entregue,Retido em barreira
ENV0162,TransLog S.A.,12.345.678/0001-90,Guarulhos,SP,Papelaria & Embalagens Aurora S.A.,33.445.566/0001-70,Cuiaba,MT,Cabotagem,AeroFast,Bitrem,Autopecas,Nao,Nao,1281,5003.35,9.74,34699.81,2330.41,2026-02-19,2026-02-19,2026-02-19,2026-03-01,2026-03-02,10,1,Nao,Entregue,Cliente ausente
ENV0163,TransLog S.A.,12.345.678/0001-90,Guarulhos,SP,Moda & Cia Confecções Ltda,88.990.011/0001-75,Manaus,AM,Ferroviario,SerraMar Transportes,Bitrem,Refrigerados,Sim,Nao,2953,6536.98,29.25,8142.72,7468.46,2026-02-23,2026-02-23,2026-02-24,2026-03-03,2026-03-05,7,2,Nao,Entregue,Falta de doc.
ENV0164,TransLog S.A.,12.345.678/0001-90,Guarulhos,SP,Hospital Sao Lucas S.A.,55.667.788/0001-32,Florianopolis,SC,Cabotagem,RodoSul,Truck,Quimicos,Nao,Sim,773,15267.35,42.26,218356.01,2662.52,2026-02-16,2026-02-16,2026-02-16,2026-02-24,2026-02-23,8,0,Sim,Entregue,Falta de doc.
ENV0165,TransLog S.A.,12.345.678/0001-90,Guarulhos,SP,TechParts Componentes Ltda,67.890.123/0001-84,Manaus,AM,Aereo,CargaCerta,VUC,Autopecas,Nao,Sim,3157,10012.19,22.92,240414.61,19687.47,2026-01-30,2026-01-30,2026-01-30,2026-02-02,2026-02-06,3,4,Nao,Entregue,Falta de doc.
ENV0166,TransLog S.A.,12.345.678/0001-90,Guarulhos,SP,Agropecuaria Boa Safra S.A.,77.889.900/0001-94,Belem,PA,Aereo,RodoSul,Truck,Materiais de construcao,Nao,Sim,2654,11996.33,31.64,85301.99,12343.5,2026-02-08,2026-02-09,2026-02-09,2026-02-11,2026-02-11,2,0,Sim,Entregue,Falta de doc.
ENV0167,TransLog S.A.,12.345.678/0001-90,Guarulhos,SP,EletroMoveis Central Ltda,11.223.344/0001-08,Florianopolis,SC,Rodoviario,Expresso Bandeirantes,Carreta,Quimicos,Nao,Sim,1191,9684.4,20.8,200236.06,3522.03,2026-02-06,2026-02-08,2026-02-08,2026-02-13,2026-02-12,5,0,Sim,Entregue,Falta de doc.
ENV0168,TransLog S.A.,12.345.678/0001-90,Guarulhos,SP,Supermercados Vila Norte S.A.,23.456.789/0001-55,Vitoria,ES,Rodoviario,RodoSul,Toco,Moveis,Nao,Nao,470,6280.89,1.29,16499.07,1653.67,2026-02-07,2026-02-09,2026-02-09,2026-02-11,2026-02-12,2,1,Nao,Entregue,Reentrega agendada
ENV0169,TransLog S.A.,12.345.678/0001-90,Guarulhos,SP,AutoPecas Horizonte Ltda,01.234.567/0001-10,Cuiaba,MT,Aereo,ViaNorte Log,VUC,Quimicos,Nao,Sim,1047,9488.1,7.77,194456.26,6673.06,2026-02-28,2026-03-02,2026-03-03,2026-03-05,2026-03-04,2,0,Sim,Entregue,Atraso por chuva
ENV0170,TransLog S.A.,12.345.678/0001-90,Guarulhos,SP,TechParts Componentes Ltda,67.890.123/0001-84,Porto Alegre,RS,Ferroviario,CargaCerta,VUC,Materiais de construcao,Nao,Sim,746,16710.59,1.32,165945.1,2736.52,2026-02-09,2026-02-09,2026-02-09,2026-02-13,2026-02-17,4,4,Nao,Entregue,Atraso operacional
ENV0171,TransLog S.A.,12.345.678/0001-90,Guarulhos,SP,TechParts Componentes Ltda,67.890.123/0001-84,Cuiaba,MT,Cabotagem,AeroFast,Truck,Papel e embalagens,Nao,Nao,1208,16355.13,22.72,13674.65,3159.29,2026-02-06,2026-02-06,2026-02-06,2026-02-13,2026-02-16,7,3,Nao,Entregue,Reentrega agendada
ENV0172,TransLog S.A.,12.345.678/0001-90,Guarulhos,SP,EletroMoveis Central Ltda,11.223.344/0001-08,Salvador,BA,Cabotagem,NavegaCargo,Toco,Papel e embalagens,Nao,Sim,2053,12354.29,44.24,218056.17,3389.65,2026-02-10,2026-02-12,2026-02-13,2026-02-24,2026-02-25,11,1,Nao,Entregue,Retido em barreira
ENV0173,TransLog S.A.,12.345.678/0001-90,Guarulhos,SP,TechParts Componentes Ltda,67.890.123/0001-84,Porto Alegre,RS,Cabotagem,Expresso Bandeirantes,Toco,Quimicos,Nao,Sim,670,7543.24,19.39,222884.01,1355.66,2026-01-29,2026-01-30,2026-01-31,2026-02-09,2026-02-13,9,4,Nao,Entregue,Retido em barreira
ENV0174,TransLog S.A.,12.345.678/0001-90,Guarulhos,SP,TechParts Componentes Ltda,67.890.123/0001-84,Curitiba,PR,Rodoviario,CargaCerta,Carreta,Alimentos secos,Nao,Sim,814,11492.58,15.85,168730.58,3061.79,2026-01-14,2026-01-16,2026-01-17,2026-01-21,2026-01-23,4,2,Nao,Entregue,Avaria leve
ENV0175,TransLog S.A.,12.345.678/0001-90,Guarulhos,SP,Quimica Atlas S.A.,90.123.456/0001-27,Curitiba,PR,Aereo,CargaCerta,Carreta,Papel e embalagens,Nao,Sim,438,10389.26,14.24,147223.18,2420.97,2026-01-27,2026-01-27,2026-01-27,2026-01-30,2026-01-31,3,1,Nao,Entregue,Sinistro
ENV0176,TransLog S.A.,12.345.678/0001-90,Guarulhos,SP,Supermercados Vila Norte S.A.,23.456.789/0001-55,Manaus,AM,Aereo,CargaCerta,Bitrem,Moveis,Nao,Sim,2298,12695.75,11.97,125618.26,11652.72,2026-01-28,2026-01-29,2026-01-29,2026-02-01,2026-02-02,3,1,Nao,Entregue,Falta de doc.
ENV0177,TransLog S.A.,12.345.678/0001-90,Guarulhos,SP,Moda & Cia Confecções Ltda,88.990.011/0001-75,Fortaleza,CE,Cabotagem,RodoSul,VUC,Medicamentos,Sim,Sim,2552,17280.39,13.34,52792.92,9737.51,2026-02-03,2026-02-03,2026-02-04,2026-02-11,2026-02-12,7,1,Nao,Entregue,Atraso por chuva
ENV0178,TransLog S.A.,12.345.678/0001-90,Guarulhos,SP,Construtora Pedra Forte S.A.,78.901.234/0001-65,Campinas,SP,Ferroviario,Expresso Bandeirantes,Bitrem,Medicamentos,Sim,Sim,247,10907.73,9.6,186213.85,677.72,2026-01-25,2026-01-26,2026-01-26,2026-02-03,2026-02-07,8,4,Nao,Entregue,Reentrega agendada
ENV0179,TransLog S.A.,12.345.678/0001-90,Guarulhos,SP,Moda & Cia Confecções Ltda,88.990.011/0001-75,Sao Jose dos Campos,SP,Aereo,ViaNorte Log,VUC,Quimicos,Nao,Sim,255,15555.71,11.67,25748.59,1994.08,2026-02-10,2026-02-10,2026-02-11,2026-02-14,2026-02-15,3,1,Nao,Entregue,-
ENV0180,TransLog S.A.,12.345.678/0001-90,Guarulhos,SP,Farmacias BemViver Ltda,45.678.901/0001-22,Salvador,BA,Rodoviario,ViaNorte Log,Toco,Quimicos,Nao,Sim,2132,1498.2,29.23,207028.7,5670.84,2026-03-06,2026-03-08,2026-03-08,2026-03-14,2026-03-15,6,1,Nao,Entregue,Retido em barreira
ENV0181,TransLog S.A.,12.345.678/0001-90,Guarulhos,SP,Cosmeticos Brisa Ltda,66.778.899/0001-13,Fortaleza,CE,Ferroviario,CargaCerta,Truck,Autopecas,Nao,Sim,2048,3594.76,1.94,242688.31,4644.26,2026-02-24,2026-02-25,2026-02-25,2026-03-06,2026-03-10,9,4,Nao,Entregue,Cliente ausente
ENV0182,TransLog S.A.,12.345.678/0001-90,Guarulhos,SP,Alimentos Campo Verde Ltda,44.556.677/0001-51,Goiania,GO,Ferroviario,AeroFast,VUC,Quimicos,Nao,Sim,1500,8680.95,42.2,135501.35,3071.17,2026-02-20,2026-02-21,2026-02-22,2026-03-01,2026-02-28,7,0,Sim,Entregue,Cliente ausente
ENV0183,TransLog S.A.,12.345.678/0001-90,Guarulhos,SP,Quimica Atlas S.A.,90.123.456/0001-27,Recife,PE,Aereo,SerraMar Transportes,Toco,Refrigerados,Sim,Nao,1932,9973.93,14.04,56894.39,15135.74,2026-01-28,2026-01-28,2026-01-28,2026-01-30,2026-01-30,2,0,Sim,Entregue,Endereco incorreto
ENV0184,TransLog S.A.,12.345.678/0001-90,Guarulhos,SP,Papelaria & Embalagens Aurora S.A.,33.445.566/0001-70,Rio de Janeiro,RJ,Aereo,AeroFast,Truck,Tecido e vestuario,Nao,Sim,333,16632.47,22.06,133395.05,3015.4,2026-01-27,2026-01-27,2026-01-27,2026-01-28,2026-02-01,1,4,Nao,Entregue,Reentrega agendada
ENV0185,TransLog S.A.,12.345.678/0001-90,Guarulhos,SP,Farmacias BemViver Ltda,45.678.901/0001-22,Campinas,SP,Rodoviario,CargaCerta,Truck,Alimentos secos,Nao,Sim,156,10423.25,5.22,215781.72,692.9,2026-01-16,2026-01-16,2026-01-16,2026-01-17,-,1,0,-,Em_transito,Reentrega agendada
ENV0186,TransLog S.A.,12.345.678/0001-90,Guarulhos,SP,Bebidas Rio Claro Ltda,89.012.345/0001-46,Cuiaba,MT,Ferroviario,AeroFast,Carreta,Materiais de construcao,Nao,Nao,1461,14475.14,38.25,52891.02,5922.06,2026-01-14,2026-01-14,2026-01-14,2026-01-19,-,5,0,-,Em_transito,Atraso por chuva
ENV0187,TransLog S.A.,12.345.678/0001-90,Guarulhos,SP,Papelaria & Embalagens Aurora S.A.,33.445.566/0001-70,Recife,PE,Rodoviario,CargaCerta,Toco,Tecido e vestuario,Nao,Sim,1753,4119.16,37.05,146205.59,4981.97,2026-02-22,2026-02-22,2026-02-22,2026-03-03,-,9,0,-,Em_transito,Cliente ausente
ENV0188,TransLog S.A.,12.345.678/0001-90,Guarulhos,SP,Quimica Atlas S.A.,90.123.456/0001-27,Belo Horizonte,MG,Ferroviario,AeroFast,Carreta,Refrigerados,Sim,Sim,237,7565.57,20.34,243948.1,617.54,2026-03-09,2026-03-10,2026-03-10,2026-03-17,-,7,0,-,Em_transito,Retido em barreira
ENV0189,TransLog S.A.,12.345.678/0001-90,Guarulhos,SP,Supermercados Vila Norte S.A.,23.456.789/0001-55,Recife,PE,Ferroviario,RodoSul,VUC,Quimicos,Nao,Sim,1957,7893.33,44.74,79405.45,5536.71,2026-01-06,2026-01-07,2026-01-08,2026-01-13,-,5,0,-,Em_transito,Reentrega agendada
ENV0190,TransLog S.A.,12.345.678/0001-90,Guarulhos,SP,AutoPecas Horizonte Ltda,01.234.567/0001-10,Curitiba,PR,Rodoviario,NavegaCargo,Toco,Autopecas,Nao,Sim,765,12964.12,40.89,242856.42,4067.56,2026-01-22,2026-01-24,2026-01-25,2026-01-27,-,2,0,-,Em_transito,Em rota
ENV0191,TransLog S.A.,12.345.678/0001-90,Guarulhos,SP,TechParts Componentes Ltda,67.890.123/0001-84,Salvador,BA,Cabotagem,Expresso Bandeirantes,Truck,Eletronicos,Nao,Sim,2561,4540.81,35.32,240995.2,5368.33,2026-01-21,2026-01-23,2026-01-24,2026-02-05,-,12,0,-,Em_transito,Endereco incorreto
ENV0192,TransLog S.A.,12.345.678/0001-90,Guarulhos,SP,Papelaria & Embalagens Aurora S.A.,33.445.566/0001-70,Vitoria,ES,Rodoviario,AeroFast,Bitrem,Moveis,Nao,Sim,259,16634.01,7.89,116105.82,1746.57,2026-01-13,2026-01-14,2026-01-14,2026-01-15,-,1,0,-,Em_transito,Sinistro
ENV0193,TransLog S.A.,12.345.678/0001-90,Guarulhos,SP,Quimica Atlas S.A.,90.123.456/0001-27,Manaus,AM,Ferroviario,AeroFast,Truck,Tecido e vestuario,Nao,Sim,2962,17400.61,5.16,109151.63,7673.88,2026-01-20,2026-01-22,2026-01-22,2026-01-27,-,5,0,-,Em_transito,Em rota
ENV0194,TransLog S.A.,12.345.678/0001-90,Guarulhos,SP,Bebidas Rio Claro Ltda,89.012.345/0001-46,Curitiba,PR,Cabotagem,ViaNorte Log,Bitrem,Moveis,Nao,Sim,669,17568.58,3.19,144861.85,2490.56,2026-02-19,2026-02-20,2026-02-21,2026-03-05,-,12,0,-,Em_transito,Cliente ausente
ENV0195,TransLog S.A.,12.345.678/0001-90,Guarulhos,SP,Hospital Sao Lucas S.A.,55.667.788/0001-32,Recife,PE,Cabotagem,AeroFast,Carreta,Moveis,Nao,Nao,2399,3286.55,30.64,66239.75,3538.89,2026-01-10,2026-01-10,2026-01-10,2026-01-18,-,8,0,-,Em_transito,Em rota
ENV0196,TransLog S.A.,12.345.678/0001-90,Guarulhos,SP,EletroMoveis Central Ltda,11.223.344/0001-08,Goiania,GO,Cabotagem,CargaCerta,Toco,Materiais de construcao,Nao,Sim,1307,11334.06,31.33,106558.04,4528.63,2026-02-28,2026-03-01,2026-03-02,2026-03-14,-,12,0,-,Em_transito,Sinistro
ENV0197,TransLog S.A.,12.345.678/0001-90,Guarulhos,SP,TechParts Componentes Ltda,67.890.123/0001-84,Curitiba,PR,Rodoviario,SerraMar Transportes,Bitrem,Medicamentos,Sim,Sim,907,10544.84,37.52,87999.9,2561.94,2026-01-24,2026-01-26,2026-01-27,2026-01-31,-,4,0,-,Cancelado,Retido em barreira
ENV0198,TransLog S.A.,12.345.678/0001-90,Guarulhos,SP,Hospital Sao Lucas S.A.,55.667.788/0001-32,Florianopolis,SC,Aereo,ViaNorte Log,Bitrem,Tecido e vestuario,Nao,Nao,479,5998.58,4.08,54304.3,1835.62,2026-03-02,2026-03-04,2026-03-04,2026-03-06,-,2,0,-,Cancelado,Avaria leve
ENV0199,TransLog S.A.,12.345.678/0001-90,Guarulhos,SP,Hospital Sao Lucas S.A.,55.667.788/0001-32,Belo Horizonte,MG,Cabotagem,RodoSul,Bitrem,Medicamentos,Sim,Sim,591,5896.51,25.75,125471.91,853.21,2026-01-25,2026-01-27,2026-01-28,2026-02-03,-,6,0,-,Cancelado,Endereco incorreto
ENV0200,TransLog S.A.,12.345.678/0001-90,Guarulhos,SP,Farmacias BemViver Ltda,45.678.901/0001-22,Porto Alegre,RS,Ferroviario,NavegaCargo,Truck,Autopecas,Nao,Sim,486,16312.59,28.32,147430.3,2088.65,2026-02-25,2026-02-27,2026-02-28,2026-03-08,-,8,0,-,Cancelado,Avaria leve
